"","Chokpak","Crotone","Garderen","Guglionesi","Lesina","Meerkerk","Sales","Utrecht","Y150239"
"Chokpak",0.00799637777777778,-0.00538452,0.00090695,-0.00521455,-0.00105831,0.0012042,0.00096692,0.0017697,0.0004044
"Crotone",-0.00538452,0.0229939111111111,-0.00494215,0.00919773,-0.00699074,-0.0040376,-0.00424675,-0.00641406,-0.0042422
"Garderen",0.00090695,-0.00494215,0.020286,-0.00294115,0.00090055,0.0071615,-0.0014672,0.00190516666666667,0.014616
"Guglionesi",-0.00521455,0.00919773,-0.00294115,0.0179550888888889,-0.00394325,-0.0047059,-0.0031894,-0.00656278,-0.0027535
"Lesina",-0.00105831,-0.00699074,0.00090055,-0.00394325,0.00799551111111111,0.0008331,0.00083559,0.00164117333333333,0.0013303
"Meerkerk",0.0012042,-0.0040376,0.0071615,-0.0047059,0.0008331,NA,-0.0014104,0.0029318,0.008708
"Sales",0.00096692,-0.00424675,-0.0014672,-0.0031894,0.00083559,-0.0014104,0.0127701111111111,-0.00405224,-0.0019252
"Utrecht",0.0017697,-0.00641406,0.00190516666666667,-0.00656278,0.00164117333333333,0.0029318,-0.00405224,0.00850204761904762,0.00191546666666667
"Y150239",0.0004044,-0.0042422,0.014616,-0.0027535,0.0013303,0.008708,-0.0019252,0.00191546666666667,NA
