scaffold	start	end	mid	sites	lnL
scaffold00169	51184	352817	252369	50	-1964.46303
scaffold00169	353718	525356	443851	50	-2038.32339
scaffold00169	530430	669316	596884	50	-1796.38276
scaffold00169	669699	773916	724401	50	-1853.59151
scaffold00169	776121	828020	797769	50	-1919.73696
scaffold00169	828030	973773	912658	50	-1960.65860
scaffold00169	976003	1161479	1070758	50	-1934.28846
scaffold00169	1184194	1350461	1251076	50	-1514.38245
