scaffold	start	end	mid	sites	lnL
scaffold00224	16393	269809	176790	50	-1833.44738
scaffold00224	269865	420746	316213	50	-1667.21389
scaffold00224	460989	611372	567499	50	-2044.77355
scaffold00224	611375	807870	633560	50	-1982.63745
