scaffold	start	end	mid	sites	lnL
scaffold00223	1349	302570	161050	50	-1705.45294
scaffold00223	310716	604036	422005	50	-1692.88574
