scaffold	start	end	mid	sites	lnL
scaffold00223	1349	302570	161050	50	-1688.21663
scaffold00223	310716	604036	422005	50	-1703.52085
