scaffold	start	end	mid	sites	lnL
chrZ	457616	2217441	1508899	50	-1594.63161
chrZ	2217448	6652315	3568557	50	-1737.98479
chrZ	6652373	11204237	8831443	50	-1882.52307
chrZ	11204238	11224516	11215607	50	-2133.58253
chrZ	11224530	11323081	11253354	50	-1956.90211
chrZ	11323134	11491657	11441742	50	-1283.31577
chrZ	11491671	12089468	11778458	50	-1993.91716
chrZ	12089469	12112434	12093333	50	-2249.16783
chrZ	12112461	12136720	12124569	50	-1947.95653
chrZ	12136743	12155885	12144706	50	-2266.67985
chrZ	12155888	12479433	12236044	50	-2439.36722
chrZ	12479492	13296112	12993117	50	-2015.78478
chrZ	13446890	14224501	14047351	50	-2123.72544
chrZ	14288431	15499472	15132088	50	-1778.51564
chrZ	16421690	18044054	17319347	50	-1937.73939
chrZ	18044136	19554829	19047309	50	-2215.43019
chrZ	19554857	20892790	20691469	50	-1922.15822
chrZ	20892894	23564545	21828548	50	-1806.48933
chrZ	23564547	26490634	25318106	50	-1861.75594
chrZ	26490664	26896919	26876220	50	-2155.72877
chrZ	26896923	26907232	26902645	50	-2704.58369
chrZ	26907267	28527517	27412241	50	-2287.78190
chrZ	28527750	31222817	30162558	50	-2196.73196
chrZ	31222826	31878892	31697022	50	-1443.74422
chrZ	31878894	35409135	34927369	50	-1924.25507
chrZ	35409136	36823910	36579152	50	-2106.64578
chrZ	36823959	36986391	36874022	50	-1920.91319
chrZ	36986401	37462059	37141749	50	-1834.01057
chrZ	37473342	38938477	38679377	50	-1957.08072
chrZ	38938485	41173260	39962335	50	-1932.98516
chrZ	41173274	45201078	43901197	50	-2336.37083
chrZ	45201082	46273345	46224168	50	-2088.86783
chrZ	46273352	48734875	47768483	50	-2187.02222
chrZ	48734957	52620242	49847810	50	-1787.01916
chrZ	52620243	54089125	53654463	50	-2221.49433
chrZ	54089126	56492185	55211988	50	-1723.72764
chrZ	57110509	61047298	59206637	50	-1830.39575
chrZ	61047316	64294555	62951532	50	-2043.05029
chrZ	64294559	64756650	64520935	50	-2227.11977
chrZ	64756659	64780416	64768981	50	-2217.52336
chrZ	64780417	64823645	64790686	50	-2038.71196
chrZ	64823675	65093572	65023523	50	-1556.73237
chrZ	65093576	66223253	65425271	50	-1605.21103
chrZ	66223477	66460226	66270791	50	-1816.90147
chrZ	66460242	68659252	67526472	50	-2096.89533
