scaffold	start	end	mid	sites	lnL
scaffold00169	51184	352817	252369	50	-1970.27539
scaffold00169	353718	525356	443851	50	-2046.40210
scaffold00169	530430	669316	596884	50	-1775.18261
scaffold00169	669699	773916	724401	50	-1873.24174
scaffold00169	776121	828020	797769	50	-1913.38911
scaffold00169	828030	973773	912658	50	-1967.65823
scaffold00169	976003	1161479	1070758	50	-1940.05027
scaffold00169	1184194	1350461	1251076	50	-1524.04871
