scaffold	start	end	mid	sites	lnL
scaffold00239	2537	133876	66250	50	-1722.70513
scaffold00239	138169	273176	206735	50	-1611.66615
scaffold00239	273439	403076	323415	50	-1865.42803
scaffold00239	406577	604125	451203	50	-1334.65875
