scaffold	start	end	mid	sites	lnL
scaffold00221	3773	207405	95005	50	-1657.66129
scaffold00221	209399	360269	289661	50	-1827.11397
scaffold00221	362341	569408	471191	50	-1679.56431
scaffold00221	580386	750668	648848	50	-2002.87326
