scaffold	start	end	mid	sites	lnL
chrZ	457616	2217441	1508899	50	-1605.55755
chrZ	2217448	6652315	3568557	50	-1756.65826
chrZ	6652373	11204237	8831443	50	-1874.11780
chrZ	11204238	11224516	11215607	50	-2146.78331
chrZ	11224530	11323081	11253354	50	-1965.47799
chrZ	11323134	11491657	11441742	50	-1277.61175
chrZ	11491671	12089468	11778458	50	-1996.88686
chrZ	12089469	12112434	12093333	50	-2240.15053
chrZ	12112461	12136720	12124569	50	-1949.03513
chrZ	12136743	12155885	12144706	50	-2262.13992
chrZ	12155888	12479433	12236044	50	-2399.23585
chrZ	12479492	13296112	12993117	50	-2013.39873
chrZ	13446890	14224501	14047351	50	-2151.12020
chrZ	14288431	15499472	15132088	50	-1755.59911
chrZ	16421690	18044054	17319347	50	-1942.59545
chrZ	18044136	19554829	19047309	50	-2200.41838
chrZ	19554857	20892790	20691469	50	-1925.44105
chrZ	20892894	23564545	21828548	50	-1839.80359
chrZ	23564547	26490634	25318106	50	-1841.44042
chrZ	26490664	26896919	26876220	50	-2145.79973
chrZ	26896923	26907232	26902645	50	-2719.69891
chrZ	26907267	28527517	27412241	50	-2279.60113
chrZ	28527750	31222817	30162558	50	-2181.85385
chrZ	31222826	31878892	31697022	50	-1433.77733
chrZ	31878894	35409135	34927369	50	-1917.61902
chrZ	35409136	36823910	36579152	50	-2090.87307
chrZ	36823959	36986391	36874022	50	-1925.64760
chrZ	36986401	37462059	37141749	50	-1849.28002
chrZ	37473342	38938477	38679377	50	-1957.77174
chrZ	38938485	41173260	39962335	50	-1905.97739
chrZ	41173274	45201078	43901197	50	-2323.05914
chrZ	45201082	46273345	46224168	50	-2102.41303
chrZ	46273352	48734875	47768483	50	-2161.13818
chrZ	48734957	52620242	49847810	50	-1800.32032
chrZ	52620243	54089125	53654463	50	-2249.50893
chrZ	54089126	56492185	55211988	50	-1734.50020
chrZ	57110509	61047298	59206637	50	-1825.79668
chrZ	61047316	64294555	62951532	50	-2034.90877
chrZ	64294559	64756650	64520935	50	-2208.09165
chrZ	64756659	64780416	64768981	50	-2194.83497
chrZ	64780417	64823645	64790686	50	-2001.09794
chrZ	64823675	65093572	65023523	50	-1549.87044
chrZ	65093576	66223253	65425271	50	-1619.86198
chrZ	66223477	66460226	66270791	50	-1823.51252
chrZ	66460242	68659252	67526472	50	-2111.51004
