scaffold	start	end	mid	sites	lnL
scaffold00239	2537	133876	66250	50	-1720.04425
scaffold00239	138169	273176	206735	50	-1605.62058
scaffold00239	273439	403076	323415	50	-1889.02578
scaffold00239	406577	604125	451203	50	-1340.81243
